parameter,value,description
model_weights,weights/best.pt,Segmentation model weights (relative to app root)
dataset_config,weights/boCenColor.yaml,Class names configuration file
standard_count,5,Number of reference-standard spots per image
imaging_mode,auto,auto | 366nm | visible | 254nm
y_axis_type,sum_od,Legacy; imaging_mode selects IGI or IOD
quantification_method,quadratic,quadratic (default) | linear (alternative)
roi_width,130,Analysis ROI width in pixels
roi_height,35,Analysis ROI height in pixels
confidence_threshold,0.15,Detection confidence threshold
y_tolerance,60,Horizontal band tolerance in pixels
images_folder,images,Input images subfolder under user_input
